<annotation>
	<folder>KnivesImages</folder>
	<filename>10201.bmp</filename>
	<path>C:\Users\vinay.trivedi\Downloads\knives_dataset\KnivesImages\10201.bmp</path>
	<source>
		<database>Unknown</database>
	</source>
	<size>
		<width>100</width>
		<height>100</height>
		<depth>3</depth>
	</size>
	<segmented>0</segmented>
	<object>
		<name>knife</name>
		<pose>Unspecified</pose>
		<truncated>0</truncated>
		<difficult>0</difficult>
		<bndbox>
			<xmin>36</xmin>
			<ymin>22</ymin>
			<xmax>66</xmax>
			<ymax>69</ymax>
		</bndbox>
	</object>
</annotation>
