<annotation>
	<folder>KnivesImages</folder>
	<filename>10358.bmp</filename>
	<path>C:\Users\vinay.trivedi\Downloads\knives_dataset\KnivesImages\10358.bmp</path>
	<source>
		<database>Unknown</database>
	</source>
	<size>
		<width>100</width>
		<height>100</height>
		<depth>3</depth>
	</size>
	<segmented>0</segmented>
	<object>
		<name>knife</name>
		<pose>Unspecified</pose>
		<truncated>0</truncated>
		<difficult>0</difficult>
		<bndbox>
			<xmin>22</xmin>
			<ymin>16</ymin>
			<xmax>47</xmax>
			<ymax>55</ymax>
		</bndbox>
	</object>
</annotation>
